header.seq,header.frame_id,inputTime,pose.position.x,pose.position.y,pose.position.z,pose.orientation.w,pose.orientation.x,pose.orientation.y,pose.orientation.z
1,1,0,0,0,0,3.74939945665464e-33,-6.12323399573677e-17,1,6.12323399573677e-17
2,1,0.0166666667,3.63616662182818e-15,1.73158824000295e-13,0.0002666667,6.69576048841034e-12,5.26731385485047e-08,1,-3.18860544594910e-10
3,1,0.0333333333,5.55644594555330e-14,2.64605918129072e-12,0.0010581259,2.23314883842688e-11,1.78793242464271e-07,1,-1.06348923468720e-09
4,1,0.05,2.52966237728666e-13,1.20468254566504e-11,0.0023559139,4.03181058102134e-11,3.34422411621240e-07,1,-1.92020339665135e-09
5,1,0.0666666667,7.08726348573314e-13,3.37521651052358e-11,0.0041403225,5.73655539765241e-11,5.00917142667259e-07,1,-2.73241095192600e-09
6,1,0.0833333333,1.52921807250759e-12,7.28299617048693e-11,0.0063919309,7.17440432765031e-11,6.68291560847997e-07,1,-3.41776203707260e-09
7,1,0.1,2.80308976290051e-12,1.33505452094801e-10,0.0090916202,8.26174730716572e-11,8.31444819123039e-07,1,-3.93642703555227e-09
8,1,0.1166666667,4.59610383239730e-12,2.18915383659742e-10,0.0122205793,8.96522059181871e-11,9.87812814854538e-07,1,-4.27247994332322e-09
9,1,0.1333333333,6.94934472727665e-12,3.31022453904557e-10,0.0157603101,9.28100563100237e-11,1.13616845491686e-06,1,-4.42404900889961e-09
10,1,0.15,9.87935724367268e-12,4.70621578415294e-10,0.0196926323,9.22348903171500e-11,1.27598961681306e-06,1,-4.39792283223079e-09
11,1,0.1666666667,1.33794318820262e-11,6.37400726064256e-10,0.0239996877,8.81881951596429e-11,1.40712660700081e-06,1,-4.20648678694120e-09
12,1,0.1833333333,1.74215945086850e-11,8.30035268063709e-10,0.0286639439,8.10102016897279e-11,1.52962657003724e-06,1,-3.86587497015787e-09
13,1,0.2,2.19590356797894e-11,1.04630326002180e-09,0.0336681978,7.10944108741780e-11,1.64364048810956e-06,1,-3.39476042597039e-09
14,1,0.2166666667,2.69288090839514e-11,1.28321355568201e-09,0.0389955791,5.88692766039660e-11,1.74937375122709e-06,1,-2.81348545864227e-09
15,1,0.2333333333,3.22546795487940e-11,1.53714107478483e-09,0.0446295522,4.47838413054199e-11,1.84705977696601e-06,1,-2.14337958909305e-09
16,1,0.25,3.78500299344770e-11,1.80396491887663e-09,0.0505539188,2.92957077855892e-11,1.93694585756629e-06,1,-1.40618864602096e-09
17,1,0.2666666667,4.36207538648582e-11,2.07920586686889e-09,0.0567528199,1.28605770270506e-11,2.01928551173003e-06,1,-6.23577908797206e-10
18,1,0.2833333333,4.94680733220373e-11,2.35816035405151e-09,0.0632107368,-4.07700220815837e-12,2.09433430731085e-06,1,1.83307448833115e-10
19,1,0.3,5.52912294758427e-11,2.63602848072462e-09,0.0699124929,-2.10918145586785e-11,2.16234754199364e-06,1,9.94231278479885e-10
20,1,0.3166666667,6.09900031563527e-11,2.90803397735373e-09,0.0768432539,-3.77851201282002e-11,2.22357892241688e-06,1,1.79020643986852e-09
21,1,0.3333333333,6.64670288326377e-11,3.16953440516495e-09,0.0839885286,-5.37907581116279e-11,2.27827978263891e-06,1,2.55378559639923e-09
22,1,0.35,7.16298730716633e-11,3.41612020805719e-09,0.0913341689,-6.87801946351339e-11,2.32669859586233e-06,1,3.26930197649951e-09
23,1,0.3666666667,7.63928553402928e-11,3.64370155823962e-09,0.0988663697,-8.24664984722892e-11,2.36908064735367e-06,1,3.92305965642179e-09
24,1,0.3833333333,8.06785956917733e-11,3.84858225312966e-09,0.1065716686,-9.46072514575438e-11,2.40566779760799e-06,1,4.50347330246975e-09
25,1,0.4,8.44192802486838e-11,4.02752022330597e-09,0.1144369446,-1.05006409640956e-10,2.43669829731430e-06,1,5.00115812248878e-09
26,1,0.4166666667,8.75576414153170e-11,4.17777449736351e-09,0.1224494179,-1.13515153029277e-10,2.46240663350507e-06,1,5.40897148964831e-09
27,1,0.4333333333,9.00476553423714e-11,4.29713873623695e-09,0.130596648,-1.20031759768566e-10,2.48302339571380e-06,1,5.72200886613218e-09
28,1,0.45,9.18549643335189e-11,4.38396169226696e-09,0.1388665324,-1.24500583311856e-10,2.49877515612218e-06,1,5.93755699331707e-09
29,1,0.4666666667,9.29570364538384e-11,4.43715516610996e-09,0.1472473047,-1.26910213377452e-10,2.50988436034489e-06,1,6.05500774186214e-09
30,1,0.4833333333,9.33430785786347e-11,4.45619022633224e-09,0.155727533,-1.27290897924765e-10,2.51656922714320e-06,1,6.07573715500735e-09
31,1,0.5,9.30137225435981e-11,4.44108261812737e-09,0.164296117,-1.25711330719869e-10,2.51904365619908e-06,1,6.00295419387377e-09
32,1,0.5166666667,9.19805068294035e-11,4.39236842008592e-09,0.1729422863,-1.22274904749188e-10,2.51751714337874e-06,1,5.84152390354957e-09
33,1,0.5333333333,9.02651783692813e-11,4.31107111157475e-09,0.1816555973,-1.17115542888571e-10,2.51219470312993e-06,1,5.59777019483910e-09
34,1,0.55,8.78988405912549e-11,4.19866128714060e-09,0.1904259305,-1.10393204739546e-10,2.50327679806567e-06,1,5.27926331274550e-09
35,1,0.5666666667,8.49209747705375e-11,4.05701030010599e-09,0.1992434875,-1.02289182281478e-10,2.49095927564268e-06,1,4.89459694759170e-09
36,1,0.5833333333,8.13783621380814e-11,3.88833913681869e-09,0.2080987878,-9.30012948831471e-11,2.47543331157243e-06,1,4.45316006986129e-09
37,1,0.6,7.73239340034710e-11,3.69516381646628e-09,0.2169826658,-8.27390709282758e-11,2.45688536044818e-06,1,3.96490817644998e-09
38,1,0.6166666667,7.28155765252306e-11,3.48023858169347e-09,0.2258862666,-7.17190132787846e-11,2.43549711310970e-06,1,3.44013832901314e-09
39,1,0.6333333333,6.79149156814520e-11,3.24649809490243e-09,0.234801043,-6.01600358396924e-11,2.41144546082787e-06,1,2.88927192930779e-09
40,1,0.65,6.26861065160491e-11,2.99699978678498e-09,0.2437187515,-4.82791456043023e-11,2.38490246643908e-06,1,2.32264898596978e-09
41,1,0.6666666667,5.71946489358499e-11,2.73486741898473e-09,0.2526314484,-3.62874351526070e-11,2.35603534208859e-06,1,1.75033708378832e-09
42,1,0.6833333333,5.15062502668576e-11,2.46323682489411e-09,0.2615314857,-2.43864436171988e-11,2.32500643371381e-06,1,1.18195758640798e-09
43,1,0.7,4.56857524861279e-11,2.18520468493580e-09,0.2704115072,-1.27649338609300e-11,2.29197321211934e-06,1,6.26531418002242e-10
44,1,0.7166666667,3.97961395859566e-11,1.90378107671157e-09,0.279264444,-1.59611469919504e-12,2.25708827047938e-06,1,9.23459705090431e-11
45,1,0.7333333333,3.38976379860634e-11,1.62184641982398e-09,0.2880835103,8.96466303289956e-12,2.22049932820163e-06,1,-4.13155679818349e-10
46,1,0.75,2.80469203003077e-11,1.34211331200181e-09,0.2968621989,1.87817296773275e-11,2.18234924111824e-06,1,-8.83462659073158e-10
47,1,0.7666666667,2.22964201788709e-11,1.06709363005246e-09,0.305594277,2.77404323090844e-11,2.14277601772576e-06,1,-1.31306101694625e-09
48,1,0.7833333333,1.66937633914490e-11,7.99071147664977e-10,0.3142737811,3.57479865323939e-11,2.10191284150293e-06,1,-1.69747548702744e-09
49,1,0.8,1.12813178383777e-11,5.40079804375898e-10,0.3228950128,4.27338638187082e-11,2.05988809888736e-06,1,-2.03328922650891e-09
50,1,0.8166666667,6.09586283923600e-12,2.91887649116221e-10,0.3314525337,4.86497333234571e-11,2.01682541302282e-06,1,-2.31814240428822e-09
51,1,0.8333333333,1.16837585492820e-12,5.59863775057485e-11,0.339941161,5.34689925359098e-11,1.97284368297835e-06,1,-2.55071109786864e-09
52,1,0.85,-3.47606719106776e-12,-1.66413713316770e-10,0.3483559626,5.71859215511181e-11,1.92805712812852e-06,1,-2.73066811116037e-09
53,1,0.8666666667,-7.81828361225019e-12,-3.74383614361863e-10,0.3566922519,5.98144996793913e-11,1.88257533776531e-06,1,-2.85862770439647e-09
54,1,0.8833333333,-1.18448748679046e-11,-5.67270675895884e-10,0.3649455834,6.13869303372633e-11,1.83650332550952e-06,1,-2.93607626183934e-09
55,1,0.9,-1.55480251960736e-11,-7.44689260888880e-10,0.3731117474,6.19519176496799e-11,1.78994158850045e-06,1,-2.96529108604447e-09
56,1,0.9166666667,-1.89252175827924e-11,-9.06507434253249e-10,0.3811867653,6.15727424317660e-11,1.74298617089727e-06,1,-2.94924965564962e-09
57,1,0.9333333333,-2.19788775324173e-11,-1.05283018204503e-09,0.3891668843,6.03251934069174e-11,1.69572873157372e-06,1,-2.89153160767046e-09
58,1,0.95,-2.47159556834733e-11,-1.18397968416766e-09,0.3970485727,5.82954001058655e-11,1.64825661604945e-06,1,-2.79621579627060e-09
59,1,0.9666666667,-2.71474606659290e-11,-1.30047318203285e-09,0.4048285149,5.55776069211430e-11,1.60065293192683e-06,1,-2.66777460806269e-09
60,1,0.9833333333,-2.92879537534374e-11,-1.40299898995251e-09,0.4125036062,5.22719351762750e-11,1.55299662784605e-06,1,-2.51096772379710e-09
61,1,1,-3.11550167977714e-11,-1.49239119598089e-09,0.4200709477,4.84821864760071e-11,1.50536257584909e-06,1,-2.33073731523902e-09
62,1,1.0166666667,-3.27687046231838e-11,-1.56960358550319e-09,0.4275278419,4.43137165247780e-11,1.45782165663164e-06,1,-2.13210651044142e-09
63,1,1.0333333333,-3.41509926080410e-11,-1.63568329989367e-09,0.4348717867,3.98714099298434e-11,1.41044084753203e-06,1,-1.92008289094087e-09
64,1,1.05,-3.53252295872976e-11,-1.69174471357868e-09,0.4421004715,3.52578019261851e-11,1.36328331310889e-06,1,-1.69956838908718e-09
65,1,1.0666666667,-3.63156054170705e-11,-1.73894397757997e-09,0.4492117714,3.05713620364056e-11,1.31640849785268e-06,1,-1.47527687905911e-09
66,1,1.0833333333,-3.71466416777803e-11,-1.77845463660748e-09,0.4562037425,2.59049559999079e-11,1.26987222093446e-06,1,-1.25166053888307e-09
67,1,1.1,-3.78427130545973e-11,-1.81144468107561e-09,0.4630746173,2.13445164206014e-11,1.22372677274299e-06,1,-1.03284566716439e-09
68,1,1.1166666667,-3.84276058700378e-11,-1.83905534672598e-09,0.4698227991,1.69679276849272e-11,1.17802101278569e-06,1,-8.22578664091694e-10
69,1,1.1333333333,-3.89241191560789e-11,-1.86238192298511e-09,0.4764468579,1.28441243027381e-11,1.13280046896264e-06,1,-6.24182457826496e-10
70,1,1.15,-3.93537125710224e-11,-1.88245677857225e-09,0.4829455249,9.03241804642705e-12,1.08810743769199e-06,1,-4.40523490928402e-10
71,1,1.1666666667,-3.97362043302242e-11,-1.90023476004057e-09,0.4893176881,5.58204444533872e-12,1.04398108486587e-06,1,-2.73989261392349e-10
72,1,1.1833333333,-4.00895212279106e-11,-1.91658106651432e-09,0.4955623874,2.53191913938473e-12,1.00045754732848e-06,1,-1.26476059044799e-10
73,1,1.2,-4.04295017824410e-11,-1.93226165333275e-09,0.5016788099,-8.93920944450914e-14,9.57570034661947e-07,1,6.13424326602685e-13
74,1,1.2166666667,-4.07697524903965e-11,-1.94793616866781e-09,0.507666285,-2.26351029357574e-12,9.15348931057934e-07,1,1.06363284873053e-10
75,1,1.2333333333,-4.11215562242264e-11,-1.96415338186473e-09,0.5135242802,-3.98190834042726e-12,8.73821896883444e-07,1,1.90329074052950e-10
76,1,1.25,-4.14938309603348e-11,-1.98134902038369e-09,0.519252396,-5.24541524068255e-12,8.33013970110097e-07,1,2.52514700019630e-10
77,1,1.2666666667,-4.18931362375247e-11,-1.99984589424751e-09,0.5248503618,-6.06357605921316e-12,7.92947667178690e-07,1,2.93342725147717e-10
78,1,1.2833333333,-4.23237240418891e-11,-2.01985615436235e-09,0.5303180313,-6.45389546182512e-12,7.53643083026633e-07,1,3.13618763771153e-10
79,1,1.3,-4.27876302415421e-11,-2.04148550231466e-09,0.5356553778,-6.44098507557341e-12,7.15117990285148e-07,1,3.14491118440238e-10
80,1,1.3166666667,-4.32848022225065e-11,-2.06473914588513e-09,0.5408624901,-6.05563147879785e-12,6.77387937391766e-07,1,2.97406728845319e-10
81,1,1.3333333333,-4.38132579906007e-11,-2.08952927643194e-09,0.5459395683,-5.33380932669485e-12,6.40466345542686e-07,1,2.64064458378172e-10
82,1,1.35,-4.43692717347031e-11,-2.11568383124475e-09,0.5508869191,-4.31566328369365e-12,6.04364604227825e-07,1,2.16366756315420e-10
83,1,1.3666666667,-4.49475806934450e-11,-2.14295629595330e-09,0.5557049521,-3.04448069927691e-12,5.69092165198576e-07,1,1.56370627066287e-10
84,1,1.3833333333,-4.55416081206716e-11,-2.17103629869963e-09,0.5603941754,-1.56567222162177e-12,5.34656634947896e-07,1,8.62389450772604e-11
85,1,1.4,-4.61436971845627e-11,-2.19956074940183e-09,0.5649551916,7.42215549359359e-14,5.01063865356624e-07,1,8.19294565993061e-12
86,1,1.4166666667,-4.67453507619561e-11,-2.22812528320594e-09,0.5693886936,1.82848321666253e-12,4.68318042486437e-07,1,-7.55333271788567e-11
87,1,1.4333333333,-4.73374722903461e-11,-2.25629577683278e-09,0.5736954613,3.65111038834216e-12,4.36421773552730e-07,1,-1.62735927360219e-10
88,1,1.45,-4.79106031396155e-11,-2.28361971963131e-09,0.5778763569,5.49763552547671e-12,4.05376171766438e-07,1,-2.51280497762431e-10
89,1,1.4666666667,-4.84551523200772e-11,-2.30963723791541e-09,0.5819323217,7.32587020144148e-12,3.75180939095683e-07,1,-3.39138005341758e-10
90,1,1.4833333333,-4.89616147240730e-11,-2.33389158985070e-09,0.5858643721,9.09655499340085e-12,3.45834446907827e-07,1,-4.24416272267013e-10
91,1,1.5,-4.94207745621696e-11,-2.35593896904306e-09,0.5896735964,1.07739136652866e-11,3.17333814489207e-07,1,-5.05386961105458e-10
92,1,1.5166666667,-4.98238911335531e-11,-2.37535747763281e-09,0.5933611503,1.23261094642866e-11,2.89674985204220e-07,1,-5.80507796419321e-10
93,1,1.5333333333,-5.01628645626416e-11,-2.39175515353367e-09,0.5969282544,1.37255962508612e-11,2.62852800424319e-07,1,-6.48439882372421e-10
94,1,1.55,-5.04303796570071e-11,-2.40477696101595e-09,0.6003761902,1.49493717523923e-11,2.36861071175795e-07,1,-7.08060202958117e-10
95,1,1.5666666667,-5.06200265405228e-11,-2.41411067814758e-09,0.6037062968,1.59791273606694e-11,2.11692647450249e-07,1,-7.58469345100953e-10
96,1,1.5833333333,-5.07263972353620e-11,-2.41949163876071e-09,0.6069199677,1.68013000622044e-11,1.87339485230029e-07,1,-7.98994565843085e-10
97,1,1.6,-5.07451578624535e-11,-2.42070631022121e-09,0.6100186476,1.74070367970859e-11,1.63792711133884e-07,1,-8.29188487188166e-10
98,1,1.6166666667,-5.06730965814168e-11,-2.41759471062136e-09,0.613003829,1.77920716990081e-11,1.41042684766692e-07,1,-8.48823682960083e-10
99,1,1.6333333333,-5.05081478351360e-11,-2.41005169005572e-09,0.6158770498,1.79565248143869e-11,1.19079058781194e-07,1,-8.57883549528429e-10
100,1,1.65,-5.02493938689845e-11,-2.39802711982943e-09,0.6186398892,1.79046330387789e-11,9.78908366266194e-08,1,-8.56549855582605e-10
101,1,1.6666666667,-4.98970448467457e-11,-2.38152505070930e-09,0.621293966,1.76444253045589e-11,7.74664280274411e-08,1,-8.45187377139408e-10
102,1,1.6833333333,-4.94523991821865e-11,-2.36060191656570e-09,0.6238409347,1.71873437599887e-11,5.77937022025008e-08,1,-8.24326110689152e-10
103,1,1.7,-4.89177859866368e-11,-2.33536387257814e-09,0.6262824835,1.65478229843592e-11,3.88600389252352e-08,1,-7.94641549550529e-10
104,1,1.7166666667,-4.82964917560800e-11,-2.30596336757420e-09,0.6286203311,1.57428439828292e-11,2.06523773796682e-08,1,-7.56933501884482e-10
105,1,1.7333333333,-4.75926735656481e-11,-2.27259505805915e-09,0.6308562242,1.47914685678112e-11,3.15726288516309e-09,1,-7.12103922032431e-10
106,1,1.75,-4.68112611496593e-11,-2.23549117708883e-09,0.6329919352,1.37143631561936e-11,-1.36391085041733e-08,1,-6.61134223349636e-10
107,1,1.7666666667,-4.59578503095194e-11,-2.19491647434483e-09,0.6350292593,1.25333244536068e-11,-2.97508474303694e-08,1,-6.05062529772674e-10
108,1,1.7833333333,-4.50385900967159e-11,-2.15116284462931e-09,0.6369700122,1.12708109174723e-11,-4.51923306006163e-08,1,-5.44961300398480e-10
109,1,1.8,-4.40600661962218e-11,-2.10454376063466e-09,0.6388160279,9.94949114689859e-12,-5.99781622415000e-08,1,-4.81915663277499e-10
110,1,1.8166666667,-4.30291828590561e-11,-2.05538862265023e-09,0.6405691565,8.59181911760869e-12,-7.41231373645807e-08,1,-4.17002868649195e-10
111,1,1.8333333333,-4.19530456078403e-11,-2.00403713259066e-09,0.6422312615,7.21963583824202e-12,-8.76422069107512e-08,1,-3.51273165212411e-10
112,1,1.85,-4.08388468065985e-11,-1.95083379281317e-09,0.6438042183,5.85380817053442e-12,-1.00550444703006e-07,1,-2.85732345616771e-10
113,1,1.8666666667,-3.96937560042664e-11,-1.89612262194946e-09,0.6452899115,4.51390825747373e-12,-1.12863016165934e-07,1,-2.21326132179838e-10
114,1,1.8833333333,-3.85248167572261e-11,-1.84024217071718e-09,0.6466902336,3.21793701257463e-12,-1.24595148731926e-07,1,-1.58926663193331e-10
115,1,1.9,-3.73388514127987e-11,-1.78352091010322e-09,0.6480070822,1.98209468254715e-12,-1.35762103883500e-07,1,-9.93211630741064e-11
116,1,1.9166666667,-3.61423750979969e-11,-1.72627305317567e-09,0.6492423589,8.20594198866633e-13,-1.46379150808462e-07,1,-4.32028353282010e-11
117,1,1.9333333333,-3.49415199330767e-11,-1.66879486034566e-09,0.6503979673,-2.54475378734731e-13,-1.56461541592514e-07,1,8.83596959274600e-12
118,1,1.95,-3.37419702332573e-11,-1.61136146615425e-09,0.6514758109,-1.23323617926094e-12,-1.66024487897364e-07,1,5.63083328479280e-11
119,1,1.9666666667,-3.25489092070168e-11,-1.55422425388294e-09,0.6524777917,-2.10806473879372e-12,-1.75083139098865e-07,1,9.88350306932016e-11
120,1,1.9833333333,-3.13669774264534e-11,-1.49760879233177e-09,0.6534058087,-2.87359241185002e-12,-1.83652561791034e-07,1,1.36144843244464e-10
121,1,2,-3.02002431189681e-11,-1.44171333859941e-09,0.6542617561,-3.52666339735081e-12,-1.91747720635715e-07,1,1.68072804709469e-10
122,1,2.0166666667,-2.90521841054524e-11,-1.38670789991841e-09,0.655047522,-4.06625295762996e-12,-1.99383460518141e-07,1,1.94556610162972e-10
123,1,2.0333333333,-2.79256810004941e-11,-1.33273383776366e-09,0.6557649868,-4.49335526719647e-12,-2.06574489928294e-07,1,2.15631416639739e-10
124,1,2.05,-2.68230211215801e-11,-1.27990398873335e-09,0.6564160219,-4.81083960716629e-12,-2.13335365565468e-07,1,2.31423101624076e-10
125,1,2.0666666667,-2.57459123851249e-11,-1.22830326848198e-09,0.6570024886,-5.02327919494468e-12,-2.19680478035306e-07,1,2.42140348328590e-10
126,1,2.0833333333,-2.46955063189604e-11,-1.17798971844121e-09,0.6575262364,-5.13676038181864e-12,-2.25624038691176e-07,1,2.48065685589026e-10
127,1,2.1,-2.36724292104551e-11,-1.12899594936591e-09,0.6579891021,-5.15867737183096e-12,-2.31180067550375e-07,1,2.49545814634775e-10
128,1,2.1166666667,-2.26768203274276e-11,-1.08133093155872e-09,0.6583929088,-5.09751845818571e-12,-2.36362382210759e-07,1,2.46981247875740e-10
129,1,2.1333333333,-2.17083760942598e-11,-1.03498207784236e-09,0.6587394642,-4.96264078458019e-12,-2.41184587714319e-07,1,2.40815615446259e-10
130,1,2.15,-2.07663990451953e-11,-9.89917563278052e-10,0.6590305603,-4.76404522732992e-12,-2.45660067370814e-07,1,2.31524940939621e-10
131,1,2.1666666667,-1.98498503674710e-11,-9.46088825056621e-10,0.6592679721,-4.51215353652310e-12,-2.49801974490504e-07,1,2.19606892642906e-10
132,1,2.1833333333,-1.89574048531519e-11,-9.03433185765270e-10,0.6594534563,-4.21758945698969e-12,-2.53623224918484e-07,1,2.05570416867934e-10
133,1,2.2,-1.80875070978166e-11,-8.61876544803223e-10,0.6595887513,-3.89097326968224e-12,-2.57136490433445e-07,1,1.89925687575882e-10
134,1,2.2166666667,-1.72384278457291e-11,-8.21336084370999e-10,0.6596755752,-3.54272761437536e-12,-2.60354192908534e-07,1,1.73174769215620e-10
135,1,2.2333333333,-1.64083194398884e-11,-7.81722939853604e-10,0.6597156262,-3.18289930615003e-12,-2.63288499206125e-07,1,1.55802954660274e-10
136,1,2.25,-1.55952694154498e-11,-7.42944787906360e-10,0.659710581,-2.82099886406491e-12,-2.65951316779201e-07,1,1.38270914413979e-10
137,1,2.2666666667,-1.47973513668251e-11,-7.04908309780254e-10,0.6596620944,-2.46586076114377e-12,-2.68354289934544e-07,1,1.21007927726887e-10
138,1,2.2833333333,-1.40126723259955e-11,-6.67521492831208e-10,0.6595717987,-2.12552567085768e-12,-2.70508796765529e-07,1,1.04405927403869e-10
139,1,2.3,-1.32394160027930e-11,-6.30695737705744e-10,0.6594413032,-1.80714085803256e-12,-2.72425946665964e-07,1,8.88147734000340e-11
140,1,2.3166666667,-1.24758813385719e-11,-5.94347744898279e-10,0.6592721932,-1.51688642222558e-12,-2.74116578421195e-07,1,7.45385050087017e-11
141,1,2.3333333333,-1.17205159585690e-11,-5.58401159708510e-10,0.6590660301,-1.25992696189576e-12,-2.75591258829140e-07,1,6.18326415092621e-11
142,1,2.35,-1.09719442408716e-11,-5.22787960258961e-10,0.6588243502,-1.04038094623581e-12,-2.76860281851286e-07,1,5.09026830545036e-11
143,1,2.3666666667,-1.02289898191672e-11,-4.87449579452723e-10,0.6585486648,-8.61309490113260e-13,-2.77933668259028e-07,1,4.19034727308160e-11
144,1,2.3833333333,-9.49069244245058e-12,-4.52337756618025e-10,0.6582404598,-7.24729246301943e-13,-2.78821165688318e-07,1,3.49395776626734e-11
145,1,2.4,-8.75631923999515e-12,-4.17415120019050e-10,0.657901195,-6.31642128229721e-13,-2.79532249148479e-07,1,3.00666607593312e-11
146,1,2.4166666667,-8.02537053587475e-12,-3.82655506704393e-10,0.6575323039,-5.82083991962542e-13,-2.80076121947447e-07,1,2.72936063813158e-11
147,1,2.4333333333,-7.29758045687791e-12,-3.48044030376519e-10,0.6571351934,-5.75185405270851e-13,-2.80461716975601e-07,1,2.65853470711053e-11
148,1,2.45,-6.57291264855985e-12,-3.13576911849564e-10,0.6567112438,-6.09246647709295e-13,-2.80697698342191e-07,1,2.78663952827681e-11
149,1,2.4666666667,-5.85155149108112e-12,-2.79261090425861e-10,0.6562618082,-6.81825207224001e-13,-2.80792463318635e-07,1,3.10247978939369e-11
150,1,2.4833333333,-5.13388927344721e-12,-2.45113637078301e-10,0.6557882124,-7.89828491683286e-13,-2.80754144622065e-07,1,3.59166301840264e-11
151,1,2.5,-4.42050981984932e-12,-2.11160993199888e-10,0.6552917549,-9.29615166801445e-13,-2.80590612953516e-07,1,4.23708381533958e-11
152,1,2.5166666667,-3.71216910511258e-12,-1.77438060609692e-10,0.6547737066,-1.09709652772573e-12,-2.80309479789623e-07,1,5.01941141450515e-11
153,1,2.5333333333,-3.00977340491671e-12,-1.43987168998155e-10,0.6542353107,-1.28784348872913e-12,-2.79918100439231e-07,1,5.91759629125199e-11
154,1,2.55,-2.31435555477198e-12,-1.10856947995571e-10,0.6536777828,-1.49719574909923e-12,-2.79423577324638e-07,1,6.90938369955587e-11
155,1,2.5666666667,-1.62704990272603e-12,-7.81011314647001e-11,0.6531023105,-1.72036367902328e-12,-2.78832763411613e-07,1,7.97181084210254e-11
156,1,2.5833333333,-9.49066508986600e-13,-4.57773209354177e-11,0.6525100539,-1.95252636806040e-12,-2.78152265868617e-07,1,9.08169023654505e-11
157,1,2.6,-2.81665125475835e-13,-1.39457343447897e-11,0.6519021451,-2.18892710925663e-12,-2.77388449907349e-07,1,1.02160629679276e-10
158,1,2.6166666667,3.73870527445426e-13,1.73320352407690e-11,0.6512796883,-2.42496029977659e-12,-2.76547442688362e-07,1,1.13526222422191e-10
159,1,2.6333333333,1.01625771299172e-12,4.79942278273230e-11,0.6506437603,-2.65624849087047e-12,-2.75635137470716e-07,1,1.24701003780045e-10
160,1,2.65,1.64423843491045e-12,7.79800704977094e-11,0.64999541,-2.87871298556870e-12,-2.74657197804400e-07,1,1.35486035835607e-10
161,1,2.6666666667,2.25660161248605e-12,1.07230858724932e-10,0.6493356587,-3.08863543011740e-12,-2.73619061842876e-07,1,1.45699151711181e-10
162,1,2.6833333333,2.85220333633112e-12,1.35690948384100e-10,0.6486655004,-3.28270481510455e-12,-2.72525946795874e-07,1,1.55177437034235e-10
163,1,2.7,3.42998494204785e-12,1.63308644736666e-10,0.6479859018,-3.45805415366317e-12,-2.71382853370275e-07,1,1.63779111270926e-10
164,1,2.7166666667,3.98898869410729e-12,1.90036977828803e-10,0.6472978024,-3.61229243858523e-12,-2.70194570359049e-07,1,1.71384935202707e-10
165,1,2.7333333333,4.52837090452673e-12,2.15834356326889e-10,0.6466021145,-3.74352286264175e-12,-2.68965679270097e-07,1,1.77899249783737e-10
166,1,2.75,5.04741238139637e-12,2.40665094008728e-10,0.6458997238,-3.85034771384313e-12,-2.67700558973217e-07,1,1.83250336510642e-10
167,1,2.7666666667,5.54552617225366e-12,2.64499806550268e-10,0.6451914895,-3.93186639723507e-12,-2.66403390396970e-07,1,1.87390402615621e-10
168,1,2.7833333333,6.02226260993322e-12,2.87315678472115e-10,0.6444782442,-3.98766229089376e-12,-2.65078161273329e-07,1,1.90295124886825e-10
169,1,2.8,6.47731172524852e-12,3.09096602510756e-10,0.6437607944,-4.01778400723804e-12,-2.63728670900864e-07,1,1.91962733849222e-10
170,1,2.8166666667,6.91050312553561e-12,3.29833196146361e-10,0.6430399209,-4.02271848474397e-12,-2.62358534873736e-07,1,1.92412749615307e-10
171,1,2.8333333333,7.32180348215603e-12,3.49522701966655e-10,0.6423163786,-4.00335549322647e-12,-2.60971189849984e-07,1,1.91684428532829e-10
172,1,2.85,7.71131181489679e-12,3.68168780159853e-10,0.6415908972,-3.96094869614002e-12,-2.59569898319068e-07,1,1.89834958332296e-10
173,1,2.8666666667,8.07925278293192e-12,3.85781202873763e-10,0.6408641814,-3.89707326684313e-12,-2.58157753366600e-07,1,1.86937341755831e-10
174,1,2.8833333333,8.42596821237601e-12,4.02375461790420e-10,0.640136911,-3.81357791939725e-12,-2.56737683405647e-07,1,1.83078161295150e-10
175,1,2.9,8.75190711838703e-12,4.17972301002384e-10,0.6394097415,-3.71253607306212e-12,-2.55312456861922e-07,1,1.78355287174192e-10
176,1,2.9166666667,9.05761448780528e-12,4.32597187682322e-10,0.638683304,-3.59619486833256e-12,-2.53884686880869e-07,1,1.72875440743912e-10
177,1,2.9333333333,9.34371909920983e-12,4.46279733765046e-10,0.6379582062,-3.46692374809673e-12,-2.52456836003051e-07,1,1.66751716210497e-10
178,1,2.95,9.61092065916153e-12,4.59053082104736e-10,0.637235032,-3.32716646196513e-12,-2.51031220747931e-07,1,1.60101180346428e-10
179,1,2.9666666667,9.85997651906283e-12,4.70953270198638e-10,0.6365143423,-3.17939179106675e-12,-2.49610016207900e-07,1,1.53042598893635e-10
180,1,2.9833333333,1.00916882399392e-11,4.82018583942252e-10,0.6357966753,-3.02604812927204e-12,-2.48195260586888e-07,1,1.45694235874003e-10
181,1,3,1.03068882550352e-11,4.92288913500832e-10,0.6350825468,-2.86951977180332e-12,-2.46788859669264e-07,1,1.38171667038175e-10
182,1,3.0166666667,1.05064268677261e-11,5.01805123152356e-10,0.6343724505,-2.71209007862010e-12,-2.45392591270083e-07,1,1.30585911321606e-10
183,1,3.0333333333,1.06911597899965e-11,5.10608445420292e-10,0.6336668585,-2.55590549675480e-12,-2.44008109618881e-07,1,1.23041768830594e-10
184,1,3.05,1.08619364169068e-11,5.18739908681792e-10,0.6329662216,-2.40294601322603e-12,-2.42636949676375e-07,1,1.15636279758080e-10
185,1,3.0666666667,1.10195890003508e-11,5.26239806649826e-10,0.6322709698,-2.25500119152445e-12,-2.41280531395226e-07,1,1.08457505934286e-10
186,1,3.0833333333,1.11649228565119e-11,5.33147216498948e-10,0.6315815125,-2.11364749723093e-12,-2.39940163913721e-07,1,1.01583548024127e-10
187,1,3.1,1.12987077283086e-11,5.39499571141082e-10,0.6308982391,-1.98023591559614e-12,-2.38617049702014e-07,1,9.50816577415433e-11
188,1,3.1166666667,1.14216703766271e-11,5.45332290404465e-10,0.630221519,-1.85587957968624e-12,-2.37312288621939e-07,1,8.90078132630377e-11
189,1,3.1333333333,1.15344884654022e-11,5.50678473667551e-10,0.6295517028,-1.74144997341932e-12,-2.36026881925946e-07,1,8.34063944301556e-11
190,1,3.15,1.16377857648842e-11,5.55568655702721e-10,0.6288891216,-1.63757657258927e-12,-2.34761736208182e-07,1,7.83101347486713e-11
191,1,3.1666666667,1.17321286755804e-11,5.60030626058512e-10,0.6282340885,-1.54465119990858e-12,-2.33517667233466e-07,1,7.37403232619516e-11
192,1,3.1833333333,1.18180240488529e-11,5.64089311008438e-10,0.6275868982,-1.46283966984214e-12,-2.32295403730819e-07,1,6.97070710694517e-11
193,1,3.2,1.18959182464023e-11,5.67766716520124e-10,0.6269478278,-1.39208957704651e-12,-2.31095591088504e-07,1,6.62099258128082e-11
194,1,3.2166666667,1.19661973916225e-11,5.71081929043515e-10,0.6263171371,-1.33214537317543e-12,-2.29918794999641e-07,1,6.32385582231882e-11
195,1,3.2333333333,1.20291887314849e-11,5.74051170330642e-10,0.625695069,-1.28256944490116e-12,-2.28765505007368e-07,1,6.07736501396602e-11
196,1,3.25,1.20851629967964e-11,5.76687901537368e-10,0.6250818499,-1.24276318361930e-12,-2.27636137981268e-07,1,5.87877909359393e-11
197,1,3.2666666667,1.21343376462230e-11,5.79002971659435e-10,0.6244776901,-1.21198719456174e-12,-2.26531041522524e-07,1,5.72465080877406e-11
198,1,3.2833333333,1.21768808836597e-11,5.81004804678351e-10,0.6238827844,-1.18938063955303e-12,-2.25450497256942e-07,1,5.61094192793657e-11
199,1,3.3,1.22129163386562e-11,5.82699619173984e-10,0.6232973121,-1.17398958190339e-12,-2.24394724092117e-07,1,5.53313803225864e-11
200,1,3.3166666667,1.22425282606446e-11,5.84091674110875e-10,0.6227214377,-1.16479145950343e-12,-2.23363881375279e-07,1,5.48636518879193e-11
201,1,3.3333333333,1.22657670921557e-11,5.85183534443025e-10,0.6221553114,-1.16071739747825e-12,-2.22358071945982e-07,1,5.46550100053148e-11
202,1,3.35,1.22826552965858e-11,5.85976350392928e-10,0.6215990692,-1.16067709050510e-12,-2.21377345132416e-07,1,5.46529299076261e-11
203,1,3.3666666667,1.22931933064812e-11,5.86470144010304e-10,0.6210528333,-1.16358109772617e-12,-2.20421699686034e-07,1,5.48046366931183e-11
204,1,3.3833333333,1.22973654704662e-11,5.86664097184418e-10,0.620516713,-1.16835969074043e-12,-2.19491086589289e-07,1,5.50581636029462e-11
205,1,3.4,1.22951458940201e-11,5.86556835370651e-10,0.6199908043,-1.17398126077156e-12,-2.18585411818916e-07,1,5.53632750160813e-11
206,1,3.4166666667,1.22865040717192e-11,5.86146701953036e-10,0.6194751909,-1.17947328338898e-12,-2.17704539023003e-07,1,5.56722839120424e-11
207,1,3.4333333333,1.22714102000515e-11,5.85432018709510e-10,0.6189699445,-1.18393683514670e-12,-2.16848292084441e-07,1,5.59408651158030e-11
208,1,3.45,1.22498400903145e-11,5.84411328036638e-10,0.6184751249,-1.18655637258317e-12,-2.16016457626638e-07,1,5.61286012546408e-11
209,1,3.4666666667,1.22217796248957e-11,5.83083613783422e-10,0.6179907805,-1.18661122458837e-12,-2.15208787478431e-07,1,5.61995920038960e-11
210,1,3.4833333333,1.21872286952126e-11,5.81448497468933e-10,0.617516949,-1.18348577230024e-12,-2.14425001008411e-07,1,5.61228653165870e-11
211,1,3.5,1.21462045683587e-11,5.79506407632777e-10,0.6170536571,-1.17667188887218e-12,-2.13664787381210e-07,1,5.58725724236628e-11
212,1,3.5166666667,1.20987446660130e-11,5.77258721101780e-10,0.6166009217,-1.16577009443304e-12,-2.12927807793625e-07,1,5.54282784568481e-11
213,1,3.5333333333,1.20449087466572e-11,5.74707874736744e-10,0.6161587494,-1.15049496918746e-12,-2.12213697560753e-07,1,5.47749989033782e-11
214,1,3.55,1.19847804659031e-11,5.71857447405952e-10,0.6157271376,-1.13067497816638e-12,-2.11522068155130e-07,1,5.39030919381309e-11
215,1,3.5666666667,1.19184683164376e-11,5.68712212708969e-10,0.6153060743,-1.10624542974809e-12,-2.10852509217200e-07,1,5.28081461697004e-11
216,1,3.5833333333,1.18461059822067e-11,5.65278163095355e-10,0.6148955388,-1.07724313025539e-12,-2.10204590438252e-07,1,5.14907965780469e-11
217,1,3.6,1.17678521372875e-11,5.61562506430896e-10,0.6144955019,-1.04380016308809e-12,-2.09577863366061e-07,1,4.99563714381171e-11
218,1,3.6166666667,1.16838897237277e-11,5.57573636881914e-10,0.6141059263,-1.00613637573259e-12,-2.08971863178528e-07,1,4.82145099290587e-11
219,1,3.6333333333,1.15944247499259e-11,5.53321082211413e-10,0.6137267666,-9.64549711801867e-13,-2.08386110383949e-07,1,4.62787545909562e-11
220,1,3.65,1.14996846613678e-11,5.48815429736423e-10,0.6133579703,-9.19406956227178e-13,-2.07820112418761e-07,1,4.41660849197614e-11
221,1,3.6666666667,1.13999163356215e-11,5.44068233528485e-10,0.6129994775,-8.71132325316823e-13,-2.07273365203410e-07,1,4.18963364326885e-11
222,1,3.6833333333,1.12953837633379e-11,5.39091905971696e-10,0.6126512216,-8.20195620942783e-13,-2.06745354629827e-07,1,3.94916563820080e-11
223,1,3.7,1.11863654795779e-11,5.33899596649428e-10,0.6123131293,-7.67101239007928e-13,-2.06235557998329e-07,1,3.69760218159766e-11
224,1,3.7166666667,1.10731518068814e-11,5.28505061279832e-10,0.611985121,-7.12375446747952e-13,-2.05743445372078e-07,1,3.43746477180799e-11
225,1,3.7333333333,1.09560419776135e-11,5.22922523872143e-10,0.6116671115,-6.56556656073466e-13,-2.05268480865930e-07,1,3.17134397536099e-11
226,1,3.75,1.08353411914238e-11,5.17166535117477e-10,0.6113590096,-6.00183118838937e-13,-2.04810123894744e-07,1,2.90184569188467e-11
227,1,3.7666666667,1.07113576728508e-11,5.11251829931859e-10,0.611060719,-5.43783188771948e-13,-2.04367830344687e-07,1,2.63154394660166e-11
228,1,3.7833333333,1.05843997818050e-11,5.05193186741642e-10,0.610772138,-4.87869443056568e-13,-2.03941053721284e-07,1,2.36293909576798e-11
229,1,3.8,1.04547732130400e-11,4.99005290837914e-10,0.6104931605,-4.32928073251543e-13,-2.03529246207739e-07,1,2.09841302160616e-11
230,1,3.8166666667,1.03227783401161e-11,4.92702604230568e-10,0.6102236756,-3.79409127581626e-13,-2.03131859666602e-07,1,1.84018596957530e-11
231,1,3.8333333333,1.01887077552721e-11,4.86299244290738e-10,0.6099635681,-3.27721904117805e-13,-2.02748346609455e-07,1,1.59029092687462e-11
232,1,3.85,1.00528440325404e-11,4.79808872660721e-10,0.609712719,-2.78230766257883e-13,-2.02378161113242e-07,1,1.35054836574593e-11
233,1,3.8666666667,9.91545773774641e-12,4.73244595816135e-10,0.6094710054,-2.31249664308758e-13,-2.02020759682200e-07,1,1.12254033613176e-11
234,1,3.8833333333,9.77680571354751e-12,4.66618878614006e-10,0.6092383009,-1.87039230518057e-13,-2.01675602047260e-07,1,9.07601728081511e-12
235,1,3.9,9.63712965436634e-12,4.59943471405729e-10,0.6090144757,-1.45808586664346e-13,-2.01342151943891e-07,1,7.06805961756221e-12
236,1,3.9166666667,9.49665496654809e-12,4.53229351440572e-10,0.6087993973,-1.07710285016545e-13,-2.01019877833558e-07,1,5.20956908593474e-12
237,1,3.9333333333,9.35558993507316e-12,4.46486678953295e-10,0.6085929301,-7.28421135291214e-14,-2.00708253581008e-07,1,3.50596846179395e-12
238,1,3.95,9.21412518922580e-12,4.39724767576995e-10,0.6083949359,-4.12506081227876e-14,-2.00406759069935e-07,1,1.96012919803926e-12
239,1,3.9666666667,9.07243345183866e-12,4.32952068743294e-10,0.6082052743,-1.29276970058980e-14,-2.00114880795740e-07,1,5.72378542501208e-13
240,1,3.9833333333,8.93066958216048e-12,4.26176169902797e-10,0.6080238026,1.21814963522849e-14,-1.99832112436956e-07,1,-6.59278598495267e-13
241,1,4,8.78897087606033e-12,4.19403805481000e-10,0.6078503762,3.41738647364506e-14,-1.99557955358176e-07,1,-1.73901321884881e-12
242,1,4.0166666667,8.64745759633134e-12,4.12640879714998e-10,0.6076848488,5.31843915984138e-14,-1.99291919060081e-07,1,-2.67299123522099e-12
243,1,4.0333333333,8.50623371214163e-12,4.05892500341611e-10,0.6075270724,6.93843647288771e-14,-1.99033521628822e-07,1,-3.46907823759698e-12
244,1,4.05,8.36538783565478e-12,3.99163021624935e-10,0.6073768977,8.29770257619810e-14,-1.98782290155625e-07,1,-4.13666134331991e-12
245,1,4.0666666667,8.22499433060589e-12,3.92456095639292e-10,0.6072341742,9.41876493527739e-14,-1.98537761070819e-07,1,-4.68635288066338e-12
246,1,4.0833333333,8.08511454343828e-12,3.85774730265618e-10,0.6070987503,1.03258770417540e-13,-1.98299480489117e-07,1,-5.12975224560032e-12
247,1,4.1,7.94579812950668e-12,3.79121352553376e-10,0.6069704737,1.10447559451458e-13,-1.98067004512489e-07,1,-5.47916918803053e-12
248,1,4.1166666667,7.80708445781878e-12,3.72497875949785e-10,0.6068491913,1.16020628304676e-13,-1.97839899501283e-07,1,-5.74734331907787e-12
249,1,4.1333333333,7.66900406590373e-12,3.65905769892896e-10,0.6067347495,1.20246268219833e-13,-1.97617742324136e-07,1,-5.94722728242506e-12
250,1,4.15,7.53158012491625e-12,3.59346130524261e-10,0.6066269942,1.23389695095266e-13,-1.97400120545148e-07,1,-6.09170500493216e-12
251,1,4.1666666667,7.39482988781812e-12,3.52819751045573e-10,0.6065257714,1.25708726337800e-13,-1.97186632617831e-07,1,-6.19338623739116e-12
252,1,4.1833333333,7.25876609663098e-12,3.46327190565111e-10,0.6064309267,1.27449033637425e-13,-1.96976888043556e-07,1,-6.26440792846851e-12
253,1,4.2,7.12339832381235e-12,3.39868840337401e-10,0.606342306,1.28841115179313e-13,-1.96770507492666e-07,1,-6.31621641106648e-12
254,1,4.2166666667,6.98873423103784e-12,3.33444986257252e-10,0.6062597551,1.30098557679925e-13,-1.96567122934400e-07,1,-6.35944086791894e-12
255,1,4.2333333333,6.85478073533550e-12,3.27055866862452e-10,0.6061831205,1.31416305023648e-13,-1.96366377703444e-07,1,-6.40373585430312e-12
256,1,4.25,6.72154507177456e-12,3.20701726020288e-10,0.6061122488,1.32965926750634e-13,-1.96167926565605e-07,1,-6.45766750661128e-12
257,1,4.2666666667,6.58903572924288e-12,3.14382859690088e-10,0.6060469873,1.34893035662636e-13,-1.95971435772792e-07,1,-6.52866996982212e-12
258,1,4.2833333333,6.45726324583414e-12,3.08099656470305e-10,0.605987184,1.37318142546070e-13,-1.95776583052467e-07,1,-6.62295059907084e-12
259,1,4.3,6.32624086601353e-12,3.01852631460699e-10,0.6059326877,1.40335365538563e-13,-1.95583057622453e-07,1,-6.74544574789151e-12
260,1,4.3166666667,6.19598505490077e-12,2.95642453212919e-10,0.6058833481,1.44014147407103e-13,-1.95390560190283e-07,1,-6.89985518744943e-12
261,1,4.3333333333,6.06651587733166e-12,2.89469963915203e-10,0.6058390157,1.48400119851623e-13,-1.95198802907658e-07,1,-7.08865782496934e-12
262,1,4.35,5.93785724567591e-12,2.83336192912544e-10,0.6057995422,1.53513397378800e-13,-1.95007509305643e-07,1,-7.31313856916007e-12
263,1,4.3666666667,5.81003702966964e-12,2.77242363716111e-10,0.6057647807,1.59349873961750e-13,-1.94816414234204e-07,1,-7.57343767173644e-12
264,1,4.3833333333,5.68308703440621e-12,2.71189894782979e-10,0.6057345851,1.65883380895413e-13,-1.94625263791165e-07,1,-7.86864425506197e-12
265,1,4.4,5.55704285908079e-12,2.65180394552023e-10,0.605708811,1.73070420430830e-13,-1.94433815227216e-07,1,-8.19687586582544e-12
266,1,4.4166666667,5.43194365904354e-12,2.59215651193822e-10,0.6056873154,1.80850185295435e-13,-1.94241836833856e-07,1,-8.55539254698590e-12
267,1,4.4333333333,5.30783181460968e-12,2.53297617682788e-10,0.6056699566,1.89147155306253e-13,-1.94049107802063e-07,1,-8.94071064584267e-12
268,1,4.45,5.18475252023372e-12,2.47428392816334e-10,0.6056565946,1.97874978346647e-13,-1.93855418101244e-07,1,-9.34872179399750e-12
269,1,4.4666666667,5.06275331193283e-12,2.41610198830050e-10,0.605647091,2.06934346361342e-13,-1.93660568362152e-07,1,-9.77481406915531e-12
270,1,4.4833333333,4.94188352899142e-12,2.35845356270242e-10,0.605641309,2.16221600459223e-13,-1.93464369707716e-07,1,-1.02139939139603e-11
271,1,4.5,4.82219374872544e-12,2.30136256803829e-10,0.6056391137,2.25630046893138e-13,-1.93266643578557e-07,1,-1.06610398545090e-11
272,1,4.5166666667,4.70373520324358e-12,2.24485334755784e-10,0.605640372,2.35047836787053e-13,-1.93067221570555e-07,1,-1.11105802558630e-11
273,1,4.5333333333,4.58655917249098e-12,2.18895037860798e-10,0.6056449524,2.44365286546410e-13,-1.92865945256058e-07,1,-1.15572320654283e-11
274,1,4.55,4.47071638610691e-12,2.13367797947846e-10,0.6056527257,2.53475335293741e-13,-1.92662666001224e-07,1,-1.19957161947490e-11
275,1,4.5666666667,4.35625643951038e-12,2.07906002183774e-10,0.6056635643,2.62273572143929e-13,-1.92457244782145e-07,1,-1.24209424644639e-11
276,1,4.5833333333,4.24322722630743e-12,2.02511965366963e-10,0.6056773427,2.70662128414716e-13,-1.92249551974142e-07,1,-1.28281255972543e-11
277,1,4.6,4.13167440570767e-12,1.97187903869635e-10,0.6056939375,2.78551851672191e-13,-1.92039467145455e-07,1,-1.32128579445402e-11
278,1,4.6166666667,4.02164091796705e-12,1.91935911631126e-10,0.6057132273,2.85865333273059e-13,-1.91826878873945e-07,1,-1.35711525121726e-11
279,1,4.6333333333,3.91316656163211e-12,1.86757938457603e-10,0.6057350928,2.92534794325829e-13,-1.91611684529158e-07,1,-1.38995034030927e-11
280,1,4.65,3.80628762474026e-12,1.81655770953571e-10,0.6057594167,2.98502977296173e-13,-1.91393790031411e-07,1,-1.41949556649264e-11
281,1,4.6666666667,3.70103657384460e-12,1.76631016442426e-10,0.605786084,3.03724889421171e-13,-1.91173109642962e-07,1,-1.44551339098949e-11
282,1,4.6833333333,3.59744180879970e-12,1.71685090034822e-10,0.6058149818,3.08166969863748e-13,-1.90949565769457e-07,1,-1.46782373396031e-11
283,1,4.7,3.49552748128712e-12,1.66819204835935e-10,0.6058459994,3.11809264275397e-13,-1.90723088724039e-07,1,-1.48630429380507e-11
284,1,4.7166666667,3.39531338502528e-12,1.62034365313176e-10,0.6058790283,3.14642024493591e-13,-1.90493616491966e-07,1,-1.50089276337086e-11
285,1,4.7333333333,3.29681490358379e-12,1.57331363909978e-10,0.6059139621,3.16666591823176e-13,-1.90261094516891e-07,1,-1.51158334132578e-11
286,1,4.75,3.20004301924621e-12,1.52710780745096e-10,0.6059506969,3.17897569429933e-13,-1.90025475471690e-07,1,-1.51842422357872e-11
287,1,4.7666666667,3.10500439144135e-12,1.48172986250922e-10,0.6059891307,3.18358989790717e-13,-1.89786719028429e-07,1,-1.52151408038747e-11
288,1,4.7833333333,3.01170148772827e-12,1.43718146552341e-10,0.6060291641,3.18083053385664e-13,-1.89544791636835e-07,1,-1.52099623398125e-11
289,1,4.8,2.92013276064581e-12,1.39346231302499e-10,0.6060706995,3.17111874132210e-13,-1.89299666286979e-07,1,-1.51705809627957e-11
290,1,4.8166666667,2.83029287603591e-12,1.35057023887638e-10,0.6061136421,3.15493645352564e-13,-1.89051322275231e-07,1,-1.50992336858934e-11
291,1,4.8333333333,2.74217297582546e-12,1.30850133607955e-10,0.6061578988,3.13281803932762e-13,-1.88799745002301e-07,1,-1.49984417777262e-11
292,1,4.85,2.65576097071011e-12,1.26725009432493e-10,0.6062033793,3.10537203082113e-13,-1.88544925743128e-07,1,-1.48709909770086e-11
293,1,4.8666666667,2.57104187009910e-12,1.22680955167675e-10,0.606249995,3.07323422362299e-13,-1.88286861398851e-07,1,-1.47198553389845e-11
294,1,4.8833333333,2.48799812666824e-12,1.18717145656093e-10,0.60629766,3.03701643229976e-13,-1.88025554297920e-07,1,-1.45481349034967e-11
295,1,4.9,2.40660997304400e-12,1.14832643657286e-10,0.6063462904,2.99737109075354e-13,-1.87761011962124e-07,1,-1.43589887225110e-11
296,1,4.9166666667,2.32685577687560e-12,1.11026417057124e-10,0.6063958045,2.95497435167422e-13,-1.87493246888391e-07,1,-1.41555889703545e-11
297,1,4.9333333333,2.24871240663982e-12,1.07297356144657e-10,0.6064461231,2.91046196729474e-13,-1.87222276360803e-07,1,-1.39410717822826e-11
298,1,4.95,2.17215557907626e-12,1.03644290684625e-10,0.6064971688,2.86444674131872e-13,-1.86948122194817e-07,1,-1.37184761496759e-11
299,1,4.9666666667,2.09716019289527e-12,1.00066006471410e-10,0.6065488666,2.81751019210982e-13,-1.86670810535433e-07,1,-1.34907120502909e-11
300,1,4.9833333333,2.02370064577845e-12,9.65612611689663e-11,0.6066011439,2.77020276022535e-13,-1.86390371674865e-07,1,-1.32605094879915e-11
301,1,5,1.95175113304006e-12,9.31287991673453e-11,0.6066539298,2.72301403846769e-13,-1.86106839834002e-07,1,-1.30303664279255e-11
302,1,5.0166666667,1.88128591542772e-12,8.97673652006177e-11,0.606707156,2.67639449355964e-13,-1.85820252947603e-07,1,-1.28025580389046e-11
303,1,5.0333333333,2.38346377525771e-06,-1.56175817067173e-07,0.6069520641,0.0046013237,-0.0002202263,0.9999893441,0.0003016978
304,1,5.05,3.35012763689240e-05,-2.19099663827178e-06,0.6074046422,0.0147505364,-0.0006624293,0.9998905085,0.0009766957
305,1,5.0666666667,0.0001466025,-9.60410986186950e-06,0.607886389,0.0264622102,-0.0010990273,0.9996476354,0.0017744332
306,1,5.0833333333,0.0004057424,-2.66513434188586e-05,0.608390276,0.039258432,-0.0015079235,0.9992244105,0.0026606828
307,1,5.1,0.0008806925,-5.79988680607048e-05,0.60890669,0.0528556982,-0.0018717517,0.9985938721,0.0036125116
308,1,5.1166666667,0.0016450581,-0.0001085822,0.6094219929,0.0669857703,-0.0021835362,0.9977409013,0.0046078894
309,1,5.1333333333,0.0027745669,-0.00018348,0.6099183159,0.0813897077,-0.0024414058,0.996663488,0.0056255447
310,1,5.15,0.0043454363,-0.0002877968,0.6103736599,0.0958211617,-0.0026462188,0.9953728662,0.0066452762
311,1,5.1666666667,0.0064328692,-0.0004265566,0.6107622885,0.1100497661,-0.0028001163,0.993892707,0.0076482212
312,1,5.1833333333,0.009109727,-0.0006046102,0.6110553784,0.1238640366,-0.0029056771,0.9922575287,0.0086170852
313,1,5.2,0.0124454165,-0.0008265579,0.6112218758,0.1370736925,-0.0029654221,0.9905105084,0.0095363472
314,1,5.2166666667,0.0165050079,-0.001096689,0.6112294967,0.1495113702,-0.0029815284,0.988700894,0.0103924459
315,1,5.2333333333,0.0213485898,-0.0014189377,0.6110458033,0.1610337297,-0.0029556737,0.9868812212,0.0111739452
316,1,5.25,0.0270308442,-0.0017968558,0.6106392954,0.1715219856,-0.0028889698,0.9851045253,0.0118716717
317,1,5.2666666667,0.03360082,-0.0022335995,0.6099804564,0.1808819146,-0.0027819608,0.9834217167,0.012478816
318,1,5.2833333333,0.0411018675,-0.0027319299,0.60904271,0.1890434079,-0.0026346773,0.9818792607,0.0129909872
319,1,5.3,0.0495716984,-0.003294223,0.6078032497,0.1959596452,-0.002446737,0.9805172637,0.0134062136
320,1,5.3166666667,0.0590425322,-0.0039224895,0.6062437171,0.2016059661,-0.0022174851,0.9793680334,0.01372488
321,1,5.3333333333,0.0695412939,-0.0046183989,0.6043507137,0.2059785123,-0.0019461642,0.9784551464,0.0139496004
322,1,5.35,0.0810898342,-0.0053833089,0.6021161395,0.209092703,-0.0016320972,0.97779302,0.0140850245
323,1,5.3666666667,0.0937051504,-0.0062182958,0.5995373609,0.2109815944,-0.0012748679,0.9773869604,0.0141375826
324,1,5.3833333333,0.1073995934,-0.0071241858,0.5966172117,0.2116941619,-0.0008744797,0.9772336357,0.0141151805
325,1,5.4,0.1221810545,-0.0081015859,0.5933638404,0.2112935342,-0.0004314767,0.9773219037,0.0140268569
326,1,5.4166666667,0.1380531345,-0.009150913,0.5897904156,0.209855196,5.29839591318936e-05,0.9776339153,0.013882422
327,1,5.4333333333,0.1550152991,-0.0102724218,0.5859147092,0.2074651726,0.0005771135,0.978146408,0.0136920974
328,1,5.45,0.1730630336,-0.0114662301,0.5817585738,0.2042182042,0.0011385254,0.9788321056,0.0134661752
329,1,5.4666666667,0.1921880081,-0.012732343,0.5773473393,0.2002159179,0.0017343127,0.9796611402,0.013214714
330,1,5.4833333333,0.2123782688,-0.014070675,0.5727091488,0.1955650066,0.0023611561,0.9806024276,0.0129472824
331,1,5.5,0.2336184649,-0.0154810707,0.5678742603,0.1903754259,0.0030154496,0.9816249312,0.0126727585
332,1,5.5166666667,0.2558901225,-0.0169633249,0.5628743368,0.184758626,0.0036934291,0.9826987681,0.0123991856
333,1,5.5333333333,0.2791719709,-0.0185172012,0.5577417495,0.1788258357,0.0043912921,0.9837961226,0.0121336803
334,1,5.55,0.3034403215,-0.0201424511,0.5525089162,0.1726864202,0.0051053014,0.9848919459,0.0118823891
335,1,5.5666666667,0.3286694969,-0.0218388317,0.5472076926,0.1664463368,0.0058318675,0.9859644378,0.0116504813
336,1,5.5833333333,0.3548323021,-0.0236061236,0.5418688331,0.1602067093,0.0065676089,0.9869953158,0.0114421726
337,1,5.6,0.3819005277,-0.0254441482,0.5365215323,0.1540625436,0.0073093905,0.9879698885,0.0112607685
338,1,5.6166666667,0.4098454703,-0.0273527843,0.5311930528,0.1481016026,0.008054345,0.9888769585,0.0111087214
339,1,5.6333333333,0.4386384563,-0.0293319839,0.5259084415,0.1424034554,0.0087998787,0.9897085877,0.0109876951
340,1,5.65,0.4682513527,-0.0313817865,0.5206903324,0.1370387104,0.0095436666,0.9904597569,0.0108986336
341,1,5.6666666667,0.4986570524,-0.0335023321,0.5155588295,0.1320684382,0.0102836403,0.991127958,0.0108418296
342,1,5.6833333333,0.5298299186,-0.0356938722,0.5105314606,0.127543786,0.0110179717,0.9917127506,0.0108169926
343,1,5.7,0.56174618,-0.0379567791,0.5056231918,0.1235057766,0.0117450542,0.9922153157,0.0108233155
344,1,5.7166666667,0.5943842669,-0.0402915519,0.5008464908,0.119985288,0.0124634849,0.992638032,0.010859538
345,1,5.7333333333,0.6277250838,-0.0426988205,0.4962114268,0.1170031996,0.0131720465,0.9929840958,0.0109240086
346,1,5.75,0.6617522155,-0.0451793476,0.4917257981,0.1145706927,0.0138696919,0.993257199,0.0110147435
347,1,5.7666666667,0.696452065,-0.0477340265,0.4873952744,0.1126896887,0.014555531,0.9934612751,0.0111294844
348,1,5.7833333333,0.7318139268,-0.050363878,0.4832235495,0.1113534087,0.0152288199,0.9936003141,0.0112657527
349,1,5.8,0.7678299973,-0.0530700435,0.4792124961,0.1105470367,0.0158889514,0.9936782462,0.0114209024
350,1,5.8166666667,0.804495327,-0.0558537764,0.4753623186,0.1102484675,0.0165354484,0.9936988859,0.011592171
351,1,5.8333333333,0.8418077212,-0.0587164319,0.4716717027,0.1104291224,0.0171679584,0.9936659292,0.0117767273
352,1,5.85,0.8797675949,-0.0616594539,0.4681379595,0.1110548145,0.0177862482,0.9935829888,0.0119717172
353,1,5.8666666667,0.9183777885,-0.0646843618,0.4647571649,0.1120866461,0.0183901997,0.993453658,0.0121743072
354,1,5.8833333333,0.9576433522,-0.0677927353,0.4615242947,0.1134819229,0.018979805,0.993281588,0.0123817242
355,1,5.9,0.9975713053,-0.070986199,0.4584333573,0.1151950681,0.0195551614,0.9930705671,0.0125912933
356,1,5.9166666667,1.0381703786,-0.0742664067,0.4554775253,0.1171785226,0.0201164653,0.9928245915,0.0128004718
357,1,5.9333333333,1.079450745,-0.0776350253,0.4526492672,0.1193836185,0.0206640041,0.9925479191,0.0130068797
358,1,5.95,1.1214237466,-0.0810937201,0.4499404799,0.1217614117,0.0211981484,0.9922450994,0.0132083267
359,1,5.9666666667,1.1641016219,-0.0846441396,0.4473426231,0.1242634648,0.0217193412,0.9919209775,0.0134028351
360,1,5.9833333333,1.20749724,-0.0882879022,0.4448468556,0.1268425705,0.0222280869,0.9915806688,0.0135886588
361,1,6,1.2516238456,-0.0920265842,0.4424441714,0.1294534065,0.0227249382,0.9912295077,0.013764297
362,1,6.0166666667,1.2959056319,-0.0958456103,0.439661704,0.1354840459,0.0223400367,0.9904329533,0.0136948229
363,1,6.0333333333,1.3368443524,-0.0997093116,0.4354537525,0.1549810282,0.0203069093,0.9876242567,0.0129160733
364,1,6.05,1.3718982588,-0.1036117869,0.4296837309,0.1935350157,0.0176449979,0.9808710922,0.011168676
365,1,6.0666666667,1.3999054737,-0.1075467683,0.422239248,0.258921275,0.0145245293,0.9657564019,0.0079605733
366,1,6.0833333333,1.4207156039,-0.1115070358,0.4130310556,0.3611411783,0.0109782829,0.9324410898,0.0031824168
367,1,6.1,1.4353386174,-0.1154823901,0.4019030898,0.5048079093,0.0069670295,0.8631989344,-0.0028322975
368,1,6.1166666667,1.4460844531,-0.1194600594,0.3885676917,0.6737564469,0.002715296,0.7388908727,-0.0092272924
369,1,6.1333333333,1.4552779909,-0.1234297989,0.3726304592,0.8192362451,-0.0005657369,0.5732773598,-0.0143077065
370,1,6.15,1.4583405836,-0.1273979219,0.3539612695,0.8985520281,-0.0021940152,0.4385066709,-0.0176444253
371,1,6.1666666667,1.4527912794,-0.1313660449,0.3325670798,0.9318084066,-0.0026308542,0.3623791876,-0.0201862197
372,1,6.1833333333,1.438475849,-0.1353341678,0.30844789,0.9394926144,-0.0021820434,0.341815564,-0.022604721
373,1,6.2,1.4160260305,-0.1393022908,0.2816037003,0.9284255231,-0.0010619685,0.3706679144,-0.025103877
374,1,6.2166666667,1.3867233758,-0.1432704137,0.2520345106,0.8960047439,0.0006297704,0.443194575,-0.027452832
375,1,6.2333333333,1.3528767424,-0.1472385367,0.2197403208,0.8377085357,0.0031963026,0.5453516593,-0.0287358346
376,1,6.25,1.31812641,-0.151206658,0.1847211285,0.7622888057,0.0061156179,0.6465605297,-0.0289455532
377,1,6.2666666667,1.2833760777,-0.1551747793,0.1469769361,0.6747017536,0.0082744801,0.7374647501,-0.0292370754
378,1,6.2833333333,1.2486257454,-0.1591429006,0.1065077437,0.5763465914,0.0097173962,0.8166082439,-0.0296840422
379,1,6.3,1.2138754132,-0.1631110219,0.0633135513,0.4687947862,0.0105089719,0.882723093,-0.0303469704
380,1,6.3166666667,1.1791250811,-0.1670791432,0.0173943588,0.3537648864,0.0107315488,0.9347498734,-0.0312714043
381,1,6.3333333333,1.144374749,-0.1710472645,-0.0312498338,0.2330949959,0.0104824785,0.9718546486,-0.032486461
